{"cameraMode":{"drawMode":0,"name":"Shaded","section":"Shading Mode"},"sceneLighting":true,"audioPlay":false,"sceneViewState":{"m_AlwaysRefresh":false,"showFog":true,"showSkybox":true,"showFlares":true,"showImageEffects":true,"showParticleSystems":true,"showVisualEffectGraphs":true,"m_FxEnabled":true},"in2DMode":false,"pivot":{"x":-16.171476364135743,"y":-0.19156265258789063,"z":3.1137800216674806},"rotation":{"x":-0.028304727748036386,"y":0.42718803882598879,"z":-0.013373374938964844,"w":-0.9036529660224915},"size":12.12435531616211,"orthographic":false}